"ENSEMBL","baseMean","log2FoldChange","lfcSE","stat","pvalue","padj","SYMBOL","GENENAME","ENTREZID","diffexpres.modsed","delabel"
"ENSG00000104643",257.768130966844,2.89474888673855,0.422645306312624,6.84912110344686,7.43050754416794e-12,8.43659826564827e-08,"MTMR9","myotubularin related protein 9","66036","UP","MTMR9"
"ENSG00000167716",1056.80294704254,3.33326294851556,0.524807060409219,6.35140645005128,2.13355150419962e-10,1.21121718893412e-06,"WDR81","WD repeat domain 81","124997","UP","WDR81"
"ENSG00000184113",156.009524132861,-3.10988547744947,0.541213075387291,-5.74613884785404,9.13043408176758e-09,2.59167371410973e-05,"CLDN5","claudin 5","7122","DOWN","CLDN5"
"ENSG00000188177",386.157793101458,1.4653797910581,0.25490903548649,5.74863809068771,8.99651529703272e-09,2.59167371410973e-05,"ZC3H6","zinc finger CCCH-type containing 6","376940","UP","ZC3H6"
"ENSG00000166004",311.593436321917,1.71124583671502,0.320099723975495,5.34597723316381,8.99305125486997e-08,0.000170178506579656,"CEP295","centrosomal protein 295","85459","UP","CEP295"
"ENSG00000277177",424.111610893186,-1.9782292964485,0.369694232259789,-5.35098771857056,8.74754592211489e-08,0.000170178506579656,"LILRA6","leukocyte immunoglobulin like receptor A6","79168","DOWN","LILRA6"
"ENSG00000241394",505.180296859313,-5.79836511031998,1.1137818757749,-5.20601496256691,1.92939095303495e-07,0.000312947212582269,"HLA-DMA","major histocompatibility complex, class II, DM alpha","3108","DOWN","HLA-DMA"
"ENSG00000007545",681.989712326477,1.01235731769182,0.208234969087759,4.86161052644895,1.16434538910238e-06,0.00165249719348355,"CRAMP1","cramped chromatin regulator homolog 1","57585","UP","CRAMP1"
"ENSG00000211689",622.57959504474,2.50772033900765,0.521778542385891,4.80610093228597,1.53902223996829e-06,0.00194156205695555,"TRGC1","T cell receptor gamma constant 1","6966","UP","TRGC1"
"ENSG00000169738",735.290117707692,-1.8974241861441,0.397052571329031,-4.77877319820133,1.76368000933254e-06,0.00200248228259616,"DCXR","dicarbonyl and L-xylulose reductase","51181","DOWN","DCXR"
"ENSG00000111644",512.393398295866,-1.85366211852289,0.393042775293945,-4.71618417902884,2.40308916241522e-06,0.00209882110385096,"ACRBP","acrosin binding protein","84519","DOWN","ACRBP"
"ENSG00000162367",244.999234620697,-1.88701609087163,0.398095644392168,-4.74010735222391,2.136050145202e-06,0.00209882110385096,"TAL1","TAL bHLH transcription factor 1, erythroid differentiation factor","6886","DOWN","TAL1"
"ENSG00000213221",248.832437449991,-1.88472493181181,0.399513898481688,-4.71754534441609,2.38707208501233e-06,0.00209882110385096,"DNLZ","DNL-type zinc finger","728489","DOWN","DNLZ"
"ENSG00000238083",567.013602564137,1.44376453619537,0.308118989335511,4.68573695931234,2.7895434391107e-06,0.00226231972911878,"LRRC37A","leucine rich repeat containing 37A","9884","UP","LRRC37A"
"ENSG00000088826",422.691341675881,-1.93700335510023,0.416775549008704,-4.64759355415013,3.35829797428352e-06,0.00244168241005824,"SMOX","spermine oxidase","54498","DOWN","SMOX"
"ENSG00000142694",256.385108369752,-2.25332167274051,0.485359500417445,-4.64258280883034,3.44080663739051e-06,0.00244168241005824,"EVA1B","eva-1 homolog B","55194","DOWN","EVA1B"
"ENSG00000107872",412.927880136584,-1.79968615833682,0.393927990953035,-4.56856633615402,4.91071651082956e-06,0.00327978089787993,"FBXL15","F-box and leucine rich repeat protein 15","79176","DOWN","FBXL15"
"ENSG00000175602",1457.73907027188,-2.24114635005626,0.491927330906429,-4.55584841347746,5.21745541198289e-06,0.00329105493042521,"CCDC85B","coiled-coil domain containing 85B","11007","DOWN","CCDC85B"
"ENSG00000038219",2230.37907846227,1.35181542258477,0.302538244594778,4.46824640103072,7.88634343859853e-06,0.00331635345932769,"BOD1L1","biorientation of chromosomes in cell division 1 like 1","259282","UP","BOD1L1"
"ENSG00000103254",396.215811773418,-2.08751705066309,0.465090069900418,-4.48841457980399,7.17551848966044e-06,0.00331635345932769,"ANTKMT","adenine nucleotide translocase lysine methyltransferase","65990","DOWN","ANTKMT"
"ENSG00000204487",327.746565445211,-1.90402662024921,0.425963976332473,-4.46992404532135,7.824737968574e-06,0.00331635345932769,"LTB","lymphotoxin beta","4050","DOWN",NA
"ENSG00000153922",1637.45708147696,1.16268297267553,0.260920469491982,4.456081866399,8.34711672832969e-06,0.00338475583333769,"CHD1","chromodomain helicase DNA binding protein 1","1105","UP",NA
"ENSG00000144674",1120.92869647313,1.63121787949145,0.367087986098238,4.44367002262754,8.84372080627665e-06,0.00346246917360224,"GOLGA4","golgin A4","2803","UP",NA
"ENSG00000164897",668.357111122327,-1.43628853966061,0.324239458773164,-4.42971544886961,9.43575056713479e-06,0.00350613423335642,"TMUB1","transmembrane and ubiquitin like domain containing 1","83590","DOWN",NA
"ENSG00000127920",636.299793454806,-2.3650144796944,0.538995444312757,-4.38781905236676,1.14492966464643e-05,0.00393925194315017,"GNG11","G protein subunit gamma 11","2791","DOWN",NA
"ENSG00000233276",7769.74528455045,-1.62745232369474,0.370421201830404,-4.39351828581309,1.11530803424849e-05,0.00393925194315017,"GPX1","glutathione peroxidase 1","2876","DOWN",NA
"ENSG00000113504",1233.38155374155,-1.67262556572415,0.383167211731119,-4.36526277435735,1.26970030528373e-05,0.0040369259725154,"SLC12A7","solute carrier family 12 member 7","10723","DOWN",NA
"ENSG00000138119",919.407333077147,1.18962094416066,0.273005105826786,4.35750437911386,1.3155386734461e-05,0.0040369259725154,"MYOF","myoferlin","26509","UP",NA
"ENSG00000163682",12044.3350984174,-1.59268707029415,0.365465309886978,-4.3579705849146,1.31274021647283e-05,0.0040369259725154,"RPL9","ribosomal protein L9","6133","DOWN",NA
"ENSG00000263155",181.963782242358,-1.75781997779293,0.402695690961749,-4.36513232509335,1.27045827518036e-05,0.0040369259725154,"MYZAP","myocardial zonula adherens protein","100820829","DOWN",NA
"ENSG00000130748",440.724306923936,-2.10473298124921,0.485287818085795,-4.33708183640643,1.44386876485885e-05,0.00431412788321246,"TMEM160","transmembrane protein 160","54958","DOWN",NA
"ENSG00000203618",1748.35940087738,-3.88298310870675,0.903547586069997,-4.2974860080097,1.72746161303475e-05,0.00479371334878117,"GP1BB","glycoprotein Ib platelet subunit beta","2812","DOWN",NA
"ENSG00000274513",102.395417736934,4.63872236442387,1.07951896983961,4.29702718898313,1.73103969790407e-05,0.00479371334878117,"LILRB2","leukocyte immunoglobulin like receptor B2","10288","UP",NA
"ENSG00000103489",833.896332969193,2.72657250185184,0.63622099119962,4.28557457167639,1.82267494148388e-05,0.00485309868905201,"XYLT1","xylosyltransferase 1","64131","UP",NA
"ENSG00000154146",8109.61000141111,-2.15163360935343,0.502784989430243,-4.27943087917495,1.87371815163904e-05,0.00485309868905201,"NRGN","neurogranin","4900","DOWN",NA
"ENSG00000187608",653.669927460183,-2.04766488763691,0.478582785511047,-4.2786012151489,1.88071465843129e-05,0.00485309868905201,"ISG15","ISG15 ubiquitin like modifier","9636","DOWN",NA
"ENSG00000152818",4901.868800266,1.15086357539564,0.270027810205368,4.26201869548309,2.02588489936004e-05,0.00506885098228244,"UTRN","utrophin","7402","UP",NA
"ENSG00000179862",195.699389894807,-1.78575069429726,0.419731158659945,-4.25451067297108,2.09506667080742e-05,0.00506885098228244,"CITED4","Cbp/p300 interacting transactivator with Glu/Asp rich carboxy-terminal domain 4","163732","DOWN",NA
"ENSG00000213145",2222.05277231521,-1.71881991802374,0.404479958451175,-4.24945632561229,2.14289983397532e-05,0.00506885098228244,"CRIP1","cysteine rich protein 1","1396","DOWN",NA
"ENSG00000284874",471.240593122968,-2.28034429172709,0.536129396528331,-4.25334687202997,2.10598967889496e-05,0.00506885098228244,"SEPT5-GP1BB","SEPT5-GP1BB readthrough","100526833","DOWN",NA
"ENSG00000141933",449.959986430126,-2.07892650748564,0.491638263752735,-4.22856937866661,2.35181995508732e-05,0.00544950281021662,"TPGS1","tubulin polyglutamylase complex subunit 1","91978","DOWN",NA
"ENSG00000173621",176.60792766194,-2.86197055234322,0.683150977428079,-4.1893675730626,2.79732970020819e-05,0.00635217628323276,"LRFN4","leucine rich repeat and fibronectin type III domain containing 4","78999","DOWN",NA
"ENSG00000169704",291.73094941433,-2.69585582040352,0.645860585048071,-4.17405223791891,2.99229098345469e-05,0.00659353462485831,"GP9","glycoprotein IX platelet","2815","DOWN",NA
"ENSG00000171611",167.926796965093,-2.37653123581585,0.569691380828089,-4.17161171082032,3.02452714598403e-05,0.00659353462485831,"PTCRA","pre T cell antigen receptor alpha","171558","DOWN",NA
"ENSG00000289720",136.528427144688,2.61538380243752,0.627547075925196,4.16762965325214,3.07783455273464e-05,0.00659353462485831,"ITCH","itchy E3 ubiquitin protein ligase","83737","UP",NA
"ENSG00000088726",176.821320589236,-2.24977571887218,0.542417009021842,-4.14768652430216,3.35851821130818e-05,0.00706159551318391,"TMEM40","transmembrane protein 40","55287","DOWN",NA
"ENSG00000156381",159.851489746344,-2.32216837515613,0.565073238447681,-4.10949982613827,3.96517013272168e-05,0.00776216235981414,"ANKRD9","ankyrin repeat domain 9","122416","DOWN",NA
"ENSG00000166428",1242.90334363699,-1.59582178900695,0.387996120361512,-4.11298388117917,3.90577666657773e-05,0.00776216235981414,"PLD4","phospholipase D family member 4","122618","DOWN",NA
"ENSG00000240972",1772.44463222224,-1.79311692907953,0.43557070698352,-4.1167068866901,3.84324342242322e-05,0.00776216235981414,"MIF","macrophage migration inhibitory factor","4282","DOWN",NA
"ENSG00000233493",130.119534482117,-2.49810647669077,0.608563219875224,-4.10492516653071,4.04445783182435e-05,0.00778318207161588,"TMEM238","transmembrane protein 238","388564","DOWN",NA
"ENSG00000108960",1048.21472987526,-1.21899617208028,0.298306033414603,-4.08639462677595,4.38128332284597e-05,0.00802340174961179,"MMD","monocyte to macrophage differentiation associated","23531","DOWN",NA
"ENSG00000158710",14432.3246341002,-1.26209089686862,0.308293544432156,-4.09379605788781,4.24367609745449e-05,0.00802340174961179,"TAGLN2","transgelin 2","8407","DOWN",NA
"ENSG00000263002",99.4881883475509,1.39112642980638,0.340185102790101,4.08932201438792,4.32635894324765e-05,0.00802340174961179,"ZNF234","zinc finger protein 234","10780","UP",NA
"ENSG00000167526",53200.7666109412,-1.84153781016115,0.451195594945071,-4.08146229881819,4.47532379451429e-05,0.00806552799411354,"RPL13","ribosomal protein L13","6137","DOWN",NA
"ENSG00000228300",668.391357134645,-1.6901745430031,0.414639823255352,-4.07624750013996,4.57683037900911e-05,0.00811958314426084,"FAM174C","family with sequence similarity 174 member C","55009","DOWN",NA
"ENSG00000170291",302.903499612658,-1.40092773384784,0.345645927367019,-4.0530717214564,5.05494967850387e-05,0.00882983056149737,"ELP5","elongator acetyltransferase complex subunit 5","23587","DOWN",NA
"ENSG00000163346",5056.21993881702,-1.02922750291421,0.25427092471015,-4.04775931061507,5.17102798891535e-05,0.00889573511911286,"PBXIP1","PBX homeobox interacting protein 1","57326","DOWN",NA
"ENSG00000127603",6288.51825444859,1.44040435176029,0.357007009254357,4.03466686765819,5.46798197053675e-05,0.00903052906329307,"MACF1","microtubule actin crosslinking factor 1","23499","UP",NA
"ENSG00000172922",708.198080963005,-1.96375369698538,0.48682365809466,-4.0338090894579,5.48799106365353e-05,0.00903052906329307,"RNASEH2C","ribonuclease H2 subunit C","84153","DOWN",NA
"ENSG00000185340",671.810685216244,-1.43626735081368,0.355690355370756,-4.03797103049527,5.39155093190744e-05,0.00903052906329307,"GAS2L1","growth arrest specific 2 like 1","10634","DOWN",NA
"ENSG00000204577",463.474862602744,5.74894683440306,1.43163312191201,4.01565648797305,5.92805483260018e-05,0.00947987810835808,"LILRB3","leukocyte immunoglobulin like receptor B3","11025","UP",NA
"ENSG00000274675",155.6811098729,1.62222089202887,0.404353676824914,4.01188609132222,6.02355645999746e-05,0.00949881389539044,"GTF2H2C_2","GTF2H2 family member C, copy 2","730394","UP",NA
"ENSG00000099385",752.368884467916,-1.57860591227905,0.394403628664321,-4.0025136625267,6.26730474393739e-05,0.00974780521406371,"BCL7C","BAF chromatin remodeling complex subunit BCL7C","9274","DOWN",NA
"ENSG00000278259",118.392644355109,1.79420524283618,0.44863177028463,3.99928262257901,6.35347729702447e-05,0.009748294760867,"MYO19","myosin XIX","80179","UP",NA
"ENSG00000171159",888.076090242102,-1.60856946051552,0.403292973144682,-3.98858786944062,6.64677825775678e-05,0.00992993688665401,"BBLN","bublin coiled coil protein","79095","DOWN",NA
"ENSG00000180549",355.337678182474,-1.9878115849681,0.498252636414249,-3.98956561328744,6.61944072665979e-05,0.00992993688665401,"FUT7","fucosyltransferase 7","2529","DOWN",NA
"ENSG00000066739",878.085238400193,1.33560238475433,0.336340385412594,3.97098428461372,7.15763012145538e-05,0.0105542509609097,"ATG2B","autophagy related 2B","55102","UP",NA
"ENSG00000274619",725.362504094565,-2.175998447131,0.550552998205817,-3.95238688050433,7.73755092443482e-05,0.011263096563594,"CFD","complement factor D","1675","DOWN",NA
"ENSG00000085982",314.96047282659,1.65782378713327,0.4210689294599,3.93717909621056,8.24450754350268e-05,0.011811609892525,"USP40","ubiquitin specific peptidase 40","55230","UP",NA
"ENSG00000120885",2706.37750403237,-2.2723849198271,0.577491980738247,-3.93492030300084,8.3224307856438e-05,0.011811609892525,"CLU","clusterin","1191","DOWN",NA
"ENSG00000144747",1380.37169106257,1.10612548586189,0.281474031191239,3.92976034478423,8.50305675545075e-05,0.0119189760989368,"TMF1","TATA element modulatory factor 1","7110","UP",NA
"ENSG00000171222",1096.60206893822,-1.53803628591019,0.392101214186243,-3.92254915379996,8.76170109449528e-05,0.0119855848466144,"SCAND1","SCAN domain containing 1","51282","DOWN",NA
"ENSG00000149806",10230.258491134,-1.219016795815,0.312292628210367,-3.90344403196686,9.48334877797911e-05,0.0125387664371901,"FAU","FAU ubiquitin like and ribosomal protein S30 fusion","2197","DOWN",NA
"ENSG00000171443",527.07870644953,-1.62660428622938,0.416363840362541,-3.90668960304776,9.35692263792668e-05,0.0125387664371901,"ZNF524","zinc finger protein 524","147807","DOWN",NA
"ENSG00000183785",361.998348130463,-2.12228543640092,0.543917829168614,-3.90184936508675,9.54605588903815e-05,0.0125387664371901,"TUBA8","tubulin alpha 8","51807","DOWN",NA
"ENSG00000274950",2306.00960766867,-3.2244272738568,0.827302207992166,-3.89752044985154,9.71826181497911e-05,0.0125387664371901,"RPS9","ribosomal protein S9","6203","DOWN",NA
"ENSG00000276787",154.38096084145,1.19904594455475,0.307603821208979,3.89802031665969,9.69822815856218e-05,0.0125387664371901,"FAN1","FANCD2 and FANCI associated nuclease 1","22909","UP",NA
"ENSG00000291525",782.672839598691,-1.4874552818419,0.383223084486467,-3.88143444916723,0.000103842143404788,0.013247457260876,"MAP3K7CL","MAP3K7 C-terminal like","56911","DOWN",NA
"ENSG00000100348",1041.56180119463,-1.15566275261384,0.298661440164787,-3.86947425143401,0.000109070298976708,0.0137598241620171,"TXN2","thioredoxin 2","25828","DOWN",NA
"ENSG00000085117",1222.92014655491,-1.2350435824656,0.319448725057682,-3.86617158119065,0.000110557170882282,0.0137941331670047,"CD82","CD82 molecule","3732","DOWN",NA
"ENSG00000099624",1214.34543765329,-1.49225233965037,0.386952799403082,-3.8564195476873,0.000115059942639661,0.0140480069639065,"ATP5F1D","ATP synthase F1 subunit delta","513","DOWN",NA
"ENSG00000128185",662.510043283697,-1.30930651354168,0.340058662454974,-3.85023720345615,0.000118003484939966,0.0140480069639065,"DGCR6L","DiGeorge syndrome critical region gene 6 like","85359","DOWN",NA
"ENSG00000162066",337.291517158171,-1.48783510427528,0.386564838230882,-3.84886300338224,0.000118667346803307,0.0140480069639065,"AMDHD2","amidohydrolase domain containing 2","51005","DOWN",NA
"ENSG00000108107",24720.3198692129,-1.25264776161752,0.327039230099991,-3.83026758360006,0.000128003986320226,0.0146541762169023,"RPL28","ribosomal protein L28","6158","DOWN",NA
"ENSG00000123144",4707.76573987409,-1.39607383948116,0.364852454639049,-3.82640659732522,0.000130027453836515,0.0146541762169023,"TRIR","telomerase RNA component interacting RNase","79002","DOWN",NA
"ENSG00000173272",697.210155480617,-1.81438930814611,0.474253011488556,-3.82578341980627,0.000130356860833815,0.0146541762169023,"MZT2A","mitotic spindle organizing protein 2A","653784","DOWN",NA
"ENSG00000213977",621.363704576836,-1.26863022576144,0.33112539908123,-3.83126824242867,0.000127484423885408,0.0146541762169023,"TAX1BP3","Tax1 binding protein 3","30851","DOWN",NA
"ENSG00000169217",1312.59040552167,-1.36240797000138,0.35746536901492,-3.81130058488133,0.000138237549201033,0.0153877366042012,"CD2BP2","CD2 cytoplasmic tail binding protein 2","10421","DOWN",NA
"ENSG00000126432",1603.53827655403,-1.42383111153704,0.374401081032652,-3.80295673188204,0.000142979335208703,0.0156094939611501,"PRDX5","peroxiredoxin 5","25824","DOWN",NA
"ENSG00000213402",6114.81071178558,-1.56608822165754,0.411564294513602,-3.80520915573686,0.000141684413602582,0.0156094939611501,"PTPRCAP","protein tyrosine phosphatase receptor type C associated protein","5790","DOWN",NA
"ENSG00000025708",8799.33010522641,-1.91885444640088,0.509032426791894,-3.76961141453049,0.000163501909702796,0.0170122086265433,"TYMP","thymidine phosphorylase","1890","DOWN",NA
"ENSG00000051523",12265.2257128586,-1.29744234155888,0.345185526082621,-3.75868118308164,0.000170811324945035,0.0170122086265433,"CYBA","cytochrome b-245 alpha chain","1535","DOWN",NA
"ENSG00000051825",497.463975576824,1.04936912563428,0.27833284272201,3.77019512096297,0.000163119964571803,0.0170122086265433,"MPHOSPH9","M-phase phosphoprotein 9","10198","UP",NA
"ENSG00000128626",387.592454870491,-1.54832664848488,0.410528151322418,-3.77154804974353,0.000162237908465517,0.0170122086265433,"MRPS12","mitochondrial ribosomal protein S12","6183","DOWN",NA
"ENSG00000163931",12642.4991267682,-1.1179774877051,0.296841110221658,-3.76624884225194,0.000165718627556882,0.0170122086265433,"TKT","transketolase","7086","DOWN",NA
"ENSG00000188677",971.832515639497,-1.28900134670304,0.342646226730821,-3.76190147780518,0.000168626475235219,0.0170122086265433,"PARVB","parvin beta","29780","DOWN",NA
"ENSG00000225663",469.274251771027,-1.44405817036829,0.384121332979531,-3.75938029571827,0.000170334752373473,0.0170122086265433,"MCRIP1","MAPK regulated corepressor interacting protein 1","348262","DOWN",NA
"ENSG00000273594",5587.49495855293,-1.31978398636817,0.349606541644969,-3.77505518105675,0.000159972247385458,0.0170122086265433,"EEF1D","eukaryotic translation elongation factor 1 delta","1936","DOWN",NA
"ENSG00000158716",353.316049352969,-1.72290365023668,0.458736906747671,-3.75575547747321,0.000172819365702243,0.0170625311146371,"DUSP23","dual specificity phosphatase 23","54935","DOWN",NA
"ENSG00000278613",1259.71915520961,1.18506237760418,0.315806203396705,3.75249873136768,0.000175080718290127,0.0171367799609147,"NAIP","NLR family apoptosis inhibitory protein","4671","UP",NA
"ENSG00000049323",217.784931359032,-1.44110713976263,0.388099171356008,-3.71324456768984,0.000204618976095072,0.0171542328486125,"LTBP1","latent transforming growth factor beta binding protein 1","4052","DOWN",NA
"ENSG00000095906",877.687195269265,-1.27342196201976,0.343380057719205,-3.708491315652,0.000208497809856308,0.0171542328486125,"NUBP2","NUBP iron-sulfur cluster assembly factor 2, cytosolic","10101","DOWN",NA
"ENSG00000103995",208.0770165342,1.18826242324163,0.319776117381446,3.71591985346489,0.000202465758132826,0.0171542328486125,"CEP152","centrosomal protein 152","22995","UP",NA
"ENSG00000108106",356.534637723183,-1.40253369504912,0.377745626518353,-3.71290518430655,0.000204893662983892,0.0171542328486125,"UBE2S","ubiquitin conjugating enzyme E2 S","27338","DOWN",NA
"ENSG00000119397",1686.72767712286,1.335693450507,0.359820134654786,3.71211425338516,0.000205535163947695,0.0171542328486125,"CNTRL","centriolin","11064","UP",NA
"ENSG00000124614",15356.4883688253,-1.09558495825444,0.295254093468244,-3.71065120684694,0.000206726773684011,0.0171542328486125,"RPS10","ribosomal protein S10","6204","DOWN",NA
"ENSG00000125652",851.231594444307,-1.60059796480899,0.428160832591285,-3.73831009978648,0.000185261350760985,0.0171542328486125,"ALKBH7","alkB homolog 7","84266","DOWN",NA
"ENSG00000128228",514.552508726546,-1.56015140337793,0.416838932184483,-3.74281594860109,0.000181969515178161,0.0171542328486125,"SDF2L1","stromal cell derived factor 2 like 1","23753","DOWN",NA
"ENSG00000128311",279.205671116897,-1.64802987208816,0.440167239928208,-3.74409933905339,0.00018104201971799,0.0171542328486125,"TST","thiosulfate sulfurtransferase","7263","DOWN",NA
"ENSG00000129968",5006.0625897031,-1.22662335961296,0.328760894901276,-3.73105006902146,0.000190683318286901,0.0171542328486125,"ABHD17A","abhydrolase domain containing 17A, depalmitoylase","81926","DOWN",NA
"ENSG00000142409",937.742396086167,-1.19338004520101,0.320710860643963,-3.72104656139427,0.000198398850091638,0.0171542328486125,"ZNF787","zinc finger protein 787","126208","DOWN",NA
"ENSG00000157193",150.684531715873,1.39975561536512,0.377038447639687,3.71250100388376,0.000205221246570965,0.0171542328486125,"LRP8","LDL receptor related protein 8","7804","UP",NA
"ENSG00000168028",22426.6608970289,-1.23037581126703,0.328309648812424,-3.74760783217185,0.000178529093992548,0.0171542328486125,"RPSA","ribosomal protein SA","3921","DOWN",NA
"ENSG00000173681",173.097214346121,1.59310768215856,0.428964365274588,3.7138462099032,0.000204132874628745,0.0171542328486125,"BCLAF3","BCLAF1 and THRAP3 family member 3","256643","UP",NA
"ENSG00000175550",2065.65428124724,-1.37486582465748,0.370619922311327,-3.70963820855416,0.000207555630494829,0.0171542328486125,"DRAP1","DR1 associated protein 1","10589","DOWN",NA
"ENSG00000262664",465.87776512816,-1.09798549783926,0.295836179275603,-3.71146456977586,0.000206063514148294,0.0171542328486125,"OVCA2","OVCA2 serine hydrolase domain containing","124641","DOWN",NA
"ENSG00000114841",522.676579970154,1.90422717437588,0.513880992148043,3.70558009241817,0.000210907468072983,0.0172276503057601,"DNAH1","dynein axonemal heavy chain 1","25981","UP",NA
"ENSG00000073331",283.962439818934,1.10659183048857,0.298840060679206,3.7029567855578,0.000213101192876166,0.017282506742257,"ALPK1","alpha kinase 1","80216","UP",NA
"ENSG00000051620",1201.15877205192,-1.01649303803262,0.274736365754401,-3.6998852890895,0.000215696941501872,0.0173689579702997,"HEBP2","heme binding protein 2","23593","DOWN",NA
"ENSG00000065413",3568.80797289056,1.52354332552244,0.413182445430221,3.68733798440073,0.000226612282963887,0.017421360434976,"ANKRD44","ankyrin repeat domain 44","91526","UP",NA
"ENSG00000077157",377.256245990027,1.35696498217778,0.368199020254665,3.68541171358694,0.000228333225319565,0.017421360434976,"PPP1R12B","protein phosphatase 1 regulatory subunit 12B","4660","UP",NA
"ENSG00000103363",1622.30475256419,-1.66451319288128,0.450239004360126,-3.69695467687625,0.000218201279996723,0.017421360434976,"ELOB","elongin B","6923","DOWN",NA
"ENSG00000112514",1339.81672389252,-1.22551897455634,0.332399623040749,-3.68688436931861,0.000227016446108899,0.017421360434976,"CUTA","cutA divalent cation tolerance homolog","51596","DOWN",NA
"ENSG00000131188",181.601031829339,-2.09916357686681,0.568311682451819,-3.69368366282841,0.000221028737016047,0.017421360434976,"PRR7","proline rich 7, synaptic","80758","DOWN",NA
"ENSG00000184207",485.378452597827,-1.05402756058633,0.286024995572423,-3.68508898488713,0.000228622750115504,0.017421360434976,"PGP","phosphoglycolate phosphatase","283871","DOWN",NA
"ENSG00000118762",196.152478332987,1.22065105611643,0.33251514352975,3.67096380381011,0.000241637562066449,0.0180410217596624,"PKD2","polycystin 2, transient receptor potential cation channel","5311","UP",NA
"ENSG00000168159",1181.44170137264,-1.1929890248869,0.324902896239483,-3.67183253425836,0.00024081747135982,0.0180410217596624,"RNF187","ring finger protein 187","149603","DOWN",NA
"ENSG00000205220",3064.84221857017,-1.4265620408546,0.388771454846306,-3.66941045457816,0.000243110474654602,0.0180410217596624,"PSMB10","proteasome 20S subunit beta 10","5699","DOWN",NA
"ENSG00000168061",180.132478183744,-2.04048283988494,0.556555801567817,-3.66626820551847,0.000246115798041984,0.0181454465647318,"SAC3D1","SAC3 domain containing 1","29901","DOWN",NA
"ENSG00000125611",254.434566784974,-1.18666972483596,0.324121419316541,-3.66118884502675,0.000251047623986482,0.0182791745462742,"CHCHD5","coiled-coil-helix-coiled-coil-helix domain containing 5","84269","DOWN",NA
"ENSG00000173457",428.697345415714,-1.34614798640661,0.367691002161561,-3.66108492863016,0.000251149482932779,0.0182791745462742,"PPP1R14B","protein phosphatase 1 regulatory inhibitor subunit 14B","26472","DOWN",NA
"ENSG00000146263",195.187391632339,1.34585106938349,0.368011249553541,3.65709219763316,0.000255092645393488,0.0183311512392257,"MMS22L","MMS22 like, DNA repair protein","253714","UP",NA
"ENSG00000204922",209.27436046754,-1.75227509443951,0.479745506341134,-3.65250965622076,0.00025968982767838,0.0185441402733354,"UQCC3","ubiquinol-cytochrome c reductase complex assembly factor 3","790955","DOWN",NA
"ENSG00000106400",943.661054316974,-1.35946740333794,0.372438959708004,-3.65017506332791,0.000262061638537059,0.018596549024686,"ZNHIT1","zinc finger HIT-type containing 1","10467","DOWN",NA
"ENSG00000007520",864.151247855021,-1.21758819925813,0.336289841333482,-3.62065114554175,0.000293862520951223,0.0187897999741498,"TSR3","TSR3 ribosome maturation factor","115939","DOWN",NA
"ENSG00000038382",1253.38619331381,1.53115443752202,0.422829752402363,3.6212078947202,0.00029323075839689,0.0187897999741498,"TRIO","trio Rho guanine nucleotide exchange factor","7204","UP",NA
"ENSG00000042753",1510.12434520238,-1.24989376723971,0.343235080046372,-3.64150939079667,0.000271044236532274,0.0187897999741498,"AP2S1","adaptor related protein complex 2 subunit sigma 1","1175","DOWN",NA
"ENSG00000103152",668.890302106322,-1.44030779035547,0.396548997119387,-3.63210549217919,0.000281118148846154,0.0187897999741498,"MPG","N-methylpurine DNA glycosylase","4350","DOWN",NA
"ENSG00000117691",312.965455144541,-1.3227579821533,0.365400116254545,-3.62002616669077,0.000294573224889789,0.0187897999741498,"NENF","neudesin neurotrophic factor","29937","DOWN",NA
"ENSG00000142541",68656.1712708423,-1.14981772099407,0.317170252926759,-3.62523821318006,0.000288695215086131,0.0187897999741498,"RPL13A","ribosomal protein L13a","23521","DOWN",NA
"ENSG00000162191",2785.55092287485,-1.16704087990817,0.322031761509575,-3.62399309446212,0.000290089353043541,0.0187897999741498,"UBXN1","UBX domain protein 1","51035","DOWN",NA
"ENSG00000163737",1527.05983721944,-2.1310351233488,0.588246344079919,-3.62269165766252,0.000291553289015826,0.0187897999741498,"PF4","platelet factor 4","5196","DOWN",NA
"ENSG00000169692",766.975796344234,-1.29034754477795,0.356391719710961,-3.62058789083103,0.000293934378860244,0.0187897999741498,"AGPAT2","1-acylglycerol-3-phosphate O-acyltransferase 2","10555","DOWN",NA
"ENSG00000170430",394.082895027254,-1.41749170085794,0.390706913929905,-3.6280179600616,0.000285605397445087,0.0187897999741498,"MGMT","O-6-methylguanine-DNA methyltransferase","4255","DOWN",NA
"ENSG00000173486",360.835588333483,-1.02502839748021,0.282180615801005,-3.63252590746016,0.000280660387334521,0.0187897999741498,"FKBP2","FKBP prolyl isomerase 2","2286","DOWN",NA
"ENSG00000183011",398.158981850076,-1.52303667381075,0.420601265344351,-3.62109389415132,0.000293360015112624,0.0187897999741498,"NAA38","N-alpha-acetyltransferase 38, NatC auxiliary subunit","84316","DOWN",NA
"ENSG00000196544",758.627773158944,-1.55242638562372,0.426491338304314,-3.63999510938724,0.000272643219262108,0.0187897999741498,"BORCS6","BLOC-1 related complex subunit 6","54785","DOWN",NA
"ENSG00000277791",1147.48004490941,-1.27477518200376,0.350576633270687,-3.63622404069207,0.000276663730110845,0.0187897999741498,"PSMB3","proteasome 20S subunit beta 3","5691","DOWN",NA
"ENSG00000183311",676.005277368977,5.09169446743764,1.4084115218561,3.61520364497407,0.000300111614667304,0.0190361300163831,"TUBB","tubulin beta class I","203068","UP",NA
"ENSG00000187193",127.012624019639,-1.64741457584536,0.455910820862897,-3.61345794058434,0.000302140385389888,0.0190583440873155,"MT1X","metallothionein 1X","4501","DOWN",NA
"ENSG00000164187",401.27497749342,1.16143608986756,0.321687419619447,3.61044920948892,0.000305667155900841,0.0191216756927252,"LMBRD2","LMBR1 domain containing 2","92255","UP",NA
"ENSG00000137818",25402.112565365,-1.04324150031896,0.289952581031715,-3.5979728016453,0.00032070714651317,0.019573365169109,"RPLP1","ribosomal protein lateral stalk subunit P1","6176","DOWN",NA
"ENSG00000169189",842.973910316763,-1.17421017525178,0.326257704412325,-3.59902665706192,0.000319410450380614,0.019573365169109,"NSMCE1","NSE1 homolog, SMC5-SMC6 complex component","197370","DOWN",NA
"ENSG00000180354",1474.66012185107,-1.67703204692364,0.46697084940134,-3.59129921937012,0.00032903360998785,0.019573365169109,"MTURN","maturin, neural progenitor differentiation regulator homolog","222166","DOWN",NA
"ENSG00000197982",304.836032712058,-1.45143584979379,0.40417433102946,-3.59111338440738,0.00032926834131582,0.019573365169109,"C1orf122","chromosome 1 open reading frame 122","127687","DOWN",NA
"ENSG00000206489",142.136808954632,1.77372702007621,0.49317872326546,3.59651975318789,0.000322503104039363,0.019573365169109,"PPP1R10","protein phosphatase 1 regulatory subunit 10","5514","UP",NA
"ENSG00000006015",586.228773381813,-1.41586368970198,0.395427175168989,-3.58059278322714,0.000342815580771733,0.0200635469282591,"REX1BD","required for excision 1-B domain containing","55049","DOWN",NA
"ENSG00000275074",280.938187024257,-1.03398058046754,0.28874035690375,-3.58100471840939,0.000342275472201502,0.0200635469282591,"NUDT18","nudix hydrolase 18","79873","DOWN",NA
"ENSG00000186010",1491.84833698779,-1.33036902746255,0.371803738192914,-3.57814860584396,0.000346036697790965,0.020148208547275,"NDUFA13","NADH:ubiquinone oxidoreductase subunit A13","51079","DOWN",NA
"ENSG00000102780",156.524817497783,1.31401436768189,0.367545928532339,3.57510249924119,0.000350090712050126,0.0202802548194752,"DGKH","diacylglycerol kinase eta","160851","UP",NA
"ENSG00000092841",8359.49210858347,-1.35000800185981,0.378008738127156,-3.5713671820086,0.000355122623413736,0.0204673211484241,"MYL6","myosin light chain 6","4637","DOWN",NA
"ENSG00000119684",549.8280825429,-1.5729119230622,0.440772613317143,-3.5685336963766,0.000358984689948447,0.0205854149983569,"MLH3","mutL homolog 3","27030","DOWN",NA
"ENSG00000205309",193.515923183965,-2.4349793388415,0.683755212782939,-3.56118577718908,0.000369183743874332,0.0209585611397458,"NT5M","5',3'-nucleotidase, mitochondrial","56953","DOWN",NA
"ENSG00000133687",115.960493888571,2.43487512059137,0.684344945612215,3.55796464371214,0.00037373960444391,0.0209603531464204,"TMTC1","transmembrane O-mannosyltransferase targeting cadherins 1","83857","UP",NA
"ENSG00000136828",91.1028183264667,1.56220856636014,0.439234791060118,3.55665944081903,0.000375600557538445,0.0209603531464204,"RALGPS1","Ral GEF with PH domain and SH3 binding motif 1","9649","UP",NA
"ENSG00000240342",2178.16430113432,-1.7808369539448,0.500803253660995,-3.55596123013668,0.000376599616159042,0.0209603531464204,"RPS2P5","ribosomal protein S2 pseudogene 5","100130562","DOWN",NA
"ENSG00000276914",151.235945819516,-2.37448018328462,0.667085155339393,-3.5594858681521,0.000371581526703166,0.0209603531464204,"CEP20","centrosomal protein 20","123811","DOWN",NA
"ENSG00000113649",948.609558960865,1.10455400297044,0.310856242130537,3.55326306269445,0.000380483775278399,0.0209808207841137,"TCERG1","transcription elongation regulator 1","10915","UP",NA
"ENSG00000067208",405.446318684042,1.18152342111037,0.333064775645773,3.547428330779,0.000389011575365629,0.0210802464094851,"EVI5","ecotropic viral integration site 5","7813","UP",NA
"ENSG00000142544",297.021258026333,-1.79840326298309,0.507427363703962,-3.54415900998256,0.000393867623468666,0.0210802464094851,"CTU1","cytosolic thiouridylase subunit 1","90353","DOWN",NA
"ENSG00000166091",175.071093127756,-2.35745865418151,0.664739911164089,-3.54643765868238,0.000390477118457032,0.0210802464094851,"CMTM5","CKLF like MARVEL transmembrane domain containing 5","116173","DOWN",NA
"ENSG00000167468",2650.47240760711,-1.17640910000315,0.331999303351514,-3.54340833889518,0.000394990591426555,0.0210802464094851,"GPX4","glutathione peroxidase 4","2879","DOWN",NA
"ENSG00000185347",233.407725015764,-1.48707504309975,0.419062701808619,-3.5485740837391,0.000387323025142232,0.0210802464094851,"TEDC1","tubulin epsilon and delta complex 1","283643","DOWN",NA
"ENSG00000232045",105.080913501207,3.67811174566441,1.03883048420755,3.54062746673264,0.0003991767639633,0.0210802464094851,"EHMT2","euchromatic histone lysine methyltransferase 2","10919","UP",NA
"ENSG00000137393",1031.28122954296,1.20660429831967,0.341198321941961,3.53637231113027,0.000405662551283635,0.0211125718351494,"RNF144B","ring finger protein 144B","255488","UP",NA
"ENSG00000167969",503.557650211482,-1.41990583766166,0.401243948847333,-3.53875950463719,0.000402011924789383,0.0211125718351494,"ECI1","enoyl-CoA delta isomerase 1","1632","DOWN",NA
"ENSG00000177600",19003.958617166,-1.25692184855418,0.355529119667195,-3.53535555605336,0.000407226812744206,0.0211125718351494,"RPLP2","ribosomal protein lateral stalk subunit P2","6181","DOWN",NA
"ENSG00000289746",747.542350362946,1.12889041111214,0.319119552328451,3.53751565165847,0.000403910245598924,0.0211125718351494,"TARP","TCR gamma alternate reading frame protein","445347","UP",NA
"ENSG00000002330",262.698532705783,-1.45179813806646,0.411417422409099,-3.52877165377514,0.000417493204450361,0.0213523326276099,"BAD","BCL2 associated agonist of cell death","572","DOWN",NA
"ENSG00000163625",885.424412408718,1.18275287636009,0.335071726081767,3.52984983302192,0.000415795595000748,0.0213523326276099,"WDFY3","WD repeat and FYVE domain containing 3","23001","UP",NA
"ENSG00000179271",594.310921371251,-1.51070698595434,0.428086343700914,-3.52897729204324,0.000417168925186866,0.0213523326276099,"GADD45GIP1","GADD45G interacting protein 1","90480","DOWN",NA
"ENSG00000105701",5878.87024551611,-1.2757079469932,0.361861951697659,-3.52539950942142,0.000422844570397935,0.0215290459744312,"FKBP8","FKBP prolyl isomerase 8","23770","DOWN",NA
"ENSG00000120742",6174.90942050694,-1.28734695509885,0.365784191978801,-3.51941659407048,0.000432497000083245,0.0215375918374788,"SERP1","stress associated endoplasmic reticulum protein 1","27230","DOWN",NA
"ENSG00000120800",368.504377401965,1.21535024586988,0.344920983502011,3.52356134883513,0.000425788513214516,0.0215375918374788,"UTP20","UTP20 small subunit processome component","27340","UP",NA
"ENSG00000149932",1178.07313465966,-1.44908932666733,0.411702602478974,-3.51974779353341,0.0004319573314172,0.0215375918374788,"TMEM219","transmembrane protein 219","124446","DOWN",NA
"ENSG00000198718",297.602855639784,1.09475380320103,0.310926059086766,3.52094580433842,0.000430010493775188,0.0215375918374788,"TOGARAM1","TOG array regulator of axonemal microtubules 1","23116","UP",NA
"ENSG00000278828",493.190655371348,-1.87280075044711,0.531905379466435,-3.5209283882892,0.000430038737097694,0.0215375918374788,"H3C10","H3 clustered histone 10","8357","DOWN",NA
"ENSG00000146540",761.555177549169,-1.572036385488,0.446990533975704,-3.51693440016662,0.00043656166066052,0.0215509612832154,"C7orf50","chromosome 7 open reading frame 50","84310","DOWN",NA
"ENSG00000107560",341.208167021208,1.54121855322116,0.438508908721183,3.51468014119895,0.000440283943888888,0.0215659483372154,"RAB11FIP2","RAB11 family interacting protein 2","22841","UP",NA
"ENSG00000198832",163.193917185171,-1.40100487759637,0.398919819742243,-3.51199616630133,0.000444754414594376,0.0216727108296333,"SELENOM","selenoprotein M","140606","DOWN",NA
"ENSG00000163344",439.78092856652,-1.44754818169465,0.41282829767547,-3.50641705000705,0.000454182975574695,0.0220375790798081,"PMVK","phosphomevalonate kinase","10654","DOWN",NA
"ENSG00000168497",3008.4802286885,-1.39504639200678,0.39804245170264,-3.50476786091389,0.000457005579064052,0.0220801759348649,"CAVIN2","caveolae associated protein 2","8436","DOWN",NA
"ENSG00000233927",10664.5256469271,-1.18439944963629,0.338288270631431,-3.50115434811131,0.000463247463833475,0.0222869140015478,"RPS28","ribosomal protein S28","6234","DOWN",NA
"ENSG00000072506",1037.28110662626,-1.28050433679704,0.367086991815269,-3.488285788785,0.00048612817368559,0.0228475773183398,"HSD17B10","hydroxysteroid 17-beta dehydrogenase 10","3028","DOWN",NA
"ENSG00000130313",1478.61947361424,-1.11705745722938,0.320010749317214,-3.49068729601357,0.000481779786565244,0.0228475773183398,"PGLS","6-phosphogluconolactonase","25796","DOWN",NA
"ENSG00000143669",4100.07107312223,1.09724182428969,0.314492944921463,3.4889234941779,0.000484969930833006,0.0228475773183398,"LYST","lysosomal trafficking regulator","1130","UP",NA
"ENSG00000174917",413.647392714223,-1.29095133461368,0.370042602626684,-3.4886559694751,0.000485455513221803,0.0228475773183398,"MICOS13","mitochondrial contact site and cristae organizing system subunit 13","125988","DOWN",NA
"ENSG00000205138",358.186065313534,-1.4527057974398,0.416608643800457,-3.48697949276254,0.000488508814426212,0.0228475773183398,"SDHAF1","succinate dehydrogenase complex assembly factor 1","644096","DOWN",NA
"ENSG00000278032",1763.91784905732,-1.19623613698618,0.343551986046188,-3.48196542466022,0.000497747956403961,0.0229815178738434,"LY6E","lymphocyte antigen 6 family member E","4061","DOWN",NA
"ENSG00000122547",285.677184355876,-1.02714849084639,0.295329153801621,-3.47797864729719,0.000505210167954329,0.0232233046435362,"EEPD1","endonuclease/exonuclease/phosphatase family domain containing 1","80820","DOWN",NA
"ENSG00000102981",88.8085933606524,-1.38935755773744,0.400226929856204,-3.47142446970428,0.000517704947654078,0.0234644218478564,"PARD6A","par-6 family cell polarity regulator alpha","50855","DOWN",NA
"ENSG00000175756",908.920782529743,-1.2767650550057,0.36784868090963,-3.47089746753602,0.000518722026053545,0.0234644218478564,"AURKAIP1","aurora kinase A interacting protein 1","54998","DOWN",NA
"ENSG00000004799",796.847826257306,1.38837206237521,0.400190853749471,3.46927484565741,0.000521865282838587,0.0235129302434497,"PDK4","pyruvate dehydrogenase kinase 4","5166","UP",NA
"ENSG00000160789",623.742615584453,-1.36190319779911,0.392899208291265,-3.46629152988647,0.000527690773636843,0.0236812894562251,"LMNA","lamin A/C","4000","DOWN",NA
"ENSG00000197540",1981.50749874568,-1.45413471736305,0.419804351363775,-3.46383907798753,0.000532524976288642,0.0237109356109068,"GZMM","granzyme M","3004","DOWN",NA
"ENSG00000167136",277.856881959195,-1.53376651508184,0.443383089381805,-3.45923548239135,0.000541711072895193,0.0240257325064532,"ENDOG","endonuclease G","2021","DOWN",NA
"ENSG00000145734",276.199629181529,2.70156501020323,0.781301393622678,3.4577757473039,0.000544654543396701,0.0240622867148877,"BDP1","B double prime 1, subunit of RNA polymerase III transcription initiation factor IIIB","55814","UP",NA
"ENSG00000099785",1184.89726964233,-1.21495835045056,0.351481757253779,-3.45667541878518,0.000546883132957491,0.024067097254261,"MARCHF2","membrane associated ring-CH-type finger 2","51257","DOWN",NA
"ENSG00000109458",239.565042831127,1.08742797478411,0.315015760582457,3.45197958595303,0.000556489827541819,0.0243014826996531,"GAB1","GRB2 associated binding protein 1","2549","UP",NA
"ENSG00000143947",21894.1362465113,-1.22709078820857,0.355399502067966,-3.45270823697975,0.000554988928089264,0.0243014826996531,"RPS27A","ribosomal protein S27a","6233","DOWN",NA
"ENSG00000125898",1268.65543182051,-1.36276047755065,0.395532460963954,-3.44538214190931,0.000570252584045223,0.0246755306546679,"FAM110A","family with sequence similarity 110 member A","83541","DOWN",NA
"ENSG00000130303",2267.8368401399,-1.11554812720122,0.323688765955629,-3.44636034527728,0.000568192158867774,0.0246755306546679,"BST2","bone marrow stromal cell antigen 2","684","DOWN",NA
"ENSG00000130255",5708.288351943,-1.12519521285401,0.326946968317259,-3.44152208734402,0.000578451244268717,0.0248777857099508,"RPL36","ribosomal protein L36","25873","DOWN",NA
"ENSG00000130005",145.964168773255,-1.48718897744548,0.432680967458441,-3.43714905275636,0.000587871998524986,0.0251875421556705,"GAMT","guanidinoacetate N-methyltransferase","2593","DOWN",NA
"ENSG00000140264",6637.80068869263,-1.20876136337136,0.352142825037513,-3.43258836309554,0.000597849030192316,0.025494188942055,"SERF2","small EDRK-rich factor 2","10169","DOWN",NA
"ENSG00000148832",179.243356745774,-1.16102326536056,0.338310099130828,-3.43183153072703,0.0005995198562206,0.025494188942055,"PAOX","polyamine oxidase","196743","DOWN",NA
"ENSG00000229809",332.227930343161,-1.30321684675746,0.380604763860188,-3.424068667822,0.000616910305721136,0.0260386602645271,"ZNF688","zinc finger protein 688","146542","DOWN",NA
"ENSG00000162585",732.420551150667,-1.6408606468253,0.479836724061113,-3.4196228936748,0.000627080003443543,0.0260858607723276,"FAAP20","FA core complex associated protein 20","199990","DOWN",NA
"ENSG00000173200",702.784491241865,1.67610225581849,0.490151042365909,3.4195627693213,0.00062721860056768,0.0260858607723276,"PARP15","poly(ADP-ribose) polymerase family member 15","165631","UP",NA
"ENSG00000196705",383.241371229825,1.136833324441,0.332249393622816,3.421626483784,0.000622477641159947,0.0260858607723276,"ZNF431","zinc finger protein 431","170959","UP",NA
"ENSG00000197956",5065.13529694038,-1.27109807670306,0.371602620885976,-3.42058426195302,0.000624867748399262,0.0260858607723276,"S100A6","S100 calcium binding protein A6","6277","DOWN",NA
"ENSG00000054654",3806.07760680906,1.30307339077901,0.38186553793596,3.41238803014881,0.000643963760419962,0.0261867675220426,"SYNE2","spectrin repeat containing nuclear envelope protein 2","23224","UP",NA
"ENSG00000101856",1470.79276764369,-1.14762247216766,0.336308298594283,-3.41241199507876,0.000643907142897979,0.0261867675220426,"PGRMC1","progesterone receptor membrane component 1","10857","DOWN",NA
"ENSG00000137198",174.129296215053,-1.63173671117254,0.477629185264385,-3.41632538696166,0.000634723550697693,0.0261867675220426,"GMPR","guanosine monophosphate reductase","2766","DOWN",NA
"ENSG00000155366",1632.98915629565,-1.16967704934901,0.342788332616677,-3.41224288592402,0.000644306764878235,0.0261867675220426,"RHOC","ras homolog family member C","389","DOWN",NA
"ENSG00000179085",268.928756823805,-1.55482220440946,0.455612627059772,-3.41259682472645,0.000643470635490512,0.0261867675220426,"DPM3","dolichyl-phosphate mannosyltransferase subunit 3, regulatory","54344","DOWN",NA
"ENSG00000198171",751.873760595282,-1.02984289704197,0.301608896869648,-3.41449774104991,0.000638997234133124,0.0261867675220426,"DDRGK1","DDRGK domain containing 1","65992","DOWN",NA
"ENSG00000125995",395.222941991777,-1.55607123892857,0.457588596723384,-3.40059007167355,0.000672405793944166,0.0268158471386869,"ROMO1","reactive oxygen species modulator 1","140823","DOWN",NA
"ENSG00000143774",2382.01448719796,-1.01886250071329,0.299638740232964,-3.40030297791649,0.000673112245422386,0.0268158471386869,"GUK1","guanylate kinase 1","2987","DOWN",NA
"ENSG00000011405",618.837298019438,1.1437462820824,0.336588688158184,3.39805323922498,0.000678672113147959,0.0269263066218151,"PIK3C2A","phosphatidylinositol-4-phosphate 3-kinase catalytic subunit type 2 alpha","5286","UP",NA
"ENSG00000176022",782.20630829162,-1.02540481628495,0.301832369939843,-3.39726589460672,0.000680627972561293,0.0269263066218151,"B3GALT6","beta-1,3-galactosyltransferase 6","126792","DOWN",NA
"ENSG00000121410",192.483329497346,-1.61085863923709,0.474774151843829,-3.39289456467074,0.000691582520649958,0.0270766480671021,"A1BG","alpha-1-B glycoprotein","1","DOWN",NA
"ENSG00000123179",232.850575413505,-1.1276583437898,0.332223059425895,-3.3942807755081,0.000688091060116778,0.0270766480671021,"EBPL","EBP like","84650","DOWN",NA
"ENSG00000211450",1026.14163500754,-1.2750175797526,0.375790121482455,-3.39289807492219,0.000691573658593183,0.0270766480671021,"SELENOH","selenoprotein H","280636","DOWN",NA
"ENSG00000105677",611.468697801011,-1.12866777960664,0.332874780109642,-3.39066774369292,0.000697225721299556,0.027110619313819,"TMEM147","transmembrane protein 147","10430","DOWN",NA
"ENSG00000186468",20633.3282624166,-1.10302868646086,0.325262637280209,-3.39119394617284,0.000695888372893094,0.027110619313819,"RPS23","ribosomal protein S23","6228","DOWN",NA
"ENSG00000102931",1833.15429038853,-1.15263800305087,0.340148936919518,-3.3886273862546,0.000702433927233082,0.027127329285049,"ARL2BP","ARF like GTPase 2 binding protein","23568","DOWN",NA
"ENSG00000186187",179.862129924896,-1.14344063151912,0.337558811648063,-3.38738196741629,0.000705630721921906,0.0271584109040723,"ZNRF1","zinc and ring finger 1","84937","DOWN",NA
"ENSG00000106546",1771.57440966484,1.56319150430838,0.462397310684974,3.38062412601998,0.000723214011982963,0.0275549392350824,"AHR","aryl hydrocarbon receptor","196","UP",NA
"ENSG00000184702",327.018924775388,-1.8245290372097,0.540028042033907,-3.37858202758875,0.00072860692226782,0.0276675685465847,"SEPTIN5","septin 5","5413","DOWN",NA
"ENSG00000183617",469.640141263138,-1.38606859801934,0.410813536295675,-3.37396038727834,0.000740950294232209,0.028042498802375,"MRPL54","mitochondrial ribosomal protein L54","116541","DOWN",NA
"ENSG00000105193",18558.4152189539,-1.11846244043347,0.331973142196514,-3.36913532532518,0.000754043979642223,0.0284178896376716,"RPS16","ribosomal protein S16","6217","DOWN",NA
"ENSG00000105372",19570.0769456909,-1.06799367076823,0.317056308736851,-3.36846686641594,0.000755874816855455,0.0284178896376716,"RPS19","ribosomal protein S19","6223","DOWN",NA
"ENSG00000100300",4194.77549078659,-1.31671338684147,0.391350154646244,-3.3645403514193,0.000766712720137862,0.0286357112646227,"TSPO","translocator protein","706","DOWN",NA
"ENSG00000100351",2606.42486856533,-1.34023574670507,0.398272957357369,-3.36511862517063,0.000765107569795743,0.0286357112646227,"GRAP2","GRB2 related adaptor protein 2","9402","DOWN",NA
"ENSG00000228474",1866.58908167574,-1.0781622374313,0.321185761259934,-3.35681828858769,0.000788449120505299,0.0290101650245344,"OST4","oligosaccharyltransferase complex subunit 4, non-catalytic","100128731","DOWN",NA
"ENSG00000101335",467.124255386829,-2.23284656541394,0.665467163690244,-3.35530689903922,0.00079276981561712,0.0290358338274735,"MYL9","myosin light chain 9","10398","DOWN",NA
"ENSG00000126709",940.865602308775,-1.65680500695611,0.494015374756407,-3.35375191060209,0.000797238076662599,0.0290509791000026,"IFI6","interferon alpha inducible protein 6","2537","DOWN",NA
"ENSG00000128266",405.076916831558,-1.4646730657618,0.436890113380851,-3.35249762103221,0.000800859297014339,0.0290509791000026,"GNAZ","G protein subunit alpha z","2781","DOWN",NA
"ENSG00000175416",1115.39393151215,-1.26153209595235,0.376214818809998,-3.35322276762699,0.000798763891778853,0.0290509791000026,"CLTB","clathrin light chain B","1212","DOWN",NA
"ENSG00000099800",588.951214160764,-1.21393674423276,0.362404020737428,-3.34967791406567,0.00080905578419056,0.029254838769744,"TIMM13","translocase of inner mitochondrial membrane 13","26517","DOWN",NA
"ENSG00000123395",547.67711980414,-1.23080467444107,0.367773203599389,-3.34664043599481,0.000817972346757835,0.0293940056257142,"ATG101","autophagy related 101","60673","DOWN",NA
"ENSG00000170909",872.563184266168,-1.6981467578654,0.507423994029875,-3.34660319150265,0.000818082242181231,0.0293940056257142,"OSCAR","osteoclast associated Ig-like receptor","126014","DOWN",NA
"ENSG00000247596",2872.91166933124,-1.16164789140548,0.347623261219531,-3.34168630525526,0.000832711121181511,0.0295456314684215,"TWF2","twinfilin actin binding protein 2","11344","DOWN",NA
"ENSG00000108604",2139.99071008097,-1.19906802311313,0.358919046841222,-3.34077568093948,0.00083544693007785,0.0295503565236882,"SMARCD2","SWI/SNF related BAF chromatin remodeling complex subunit D2","6603","DOWN",NA
"ENSG00000095574",595.365190151304,1.30522902377929,0.39083672850329,3.33957616720841,0.00083906338117087,0.0295861044404163,"IKZF5","IKAROS family zinc finger 5","64376","UP",NA
"ENSG00000115268",13423.0786652378,-1.01439840197171,0.304336503820852,-3.33314731961578,0.000858694614408179,0.0300914155925632,"RPS15","ribosomal protein S15","6209","DOWN",NA
"ENSG00000091947",513.217966277117,-1.23808426191337,0.372356107288983,-3.32500055102493,0.000884183602829098,0.0301727435115464,"TMEM101","transmembrane protein 101","84336","DOWN",NA
"ENSG00000145335",294.027389723608,-1.1445349701037,0.34424542577393,-3.32476449768524,0.000884932498621186,0.0301727435115464,"SNCA","synuclein alpha","6622","DOWN",NA
"ENSG00000168517",112.857008857402,-1.6345003515133,0.491473580453646,-3.32571356125512,0.000881925093846365,0.0301727435115464,"HEXIM2","HEXIM P-TEFb complex subunit 2","124790","DOWN",NA
"ENSG00000183734",529.918032162596,-1.48665964138034,0.44647640734561,-3.32976080464996,0.000869206189365138,0.0301727435115464,"ASCL2","achaete-scute family bHLH transcription factor 2","430","DOWN",NA
"ENSG00000161677",312.315197117275,-1.48089414331871,0.445689745993103,-3.32270184950953,0.000891501457028309,0.0302397020992184,"JOSD2","Josephin domain containing 2","126119","DOWN",NA
"ENSG00000172428",463.388290118521,-1.41963362592233,0.427609585730703,-3.319929377861,0.000900402225787374,0.0304260918797317,"COPS9","COP9 signalosome subunit 9","150678","DOWN",NA
"ENSG00000160256",261.867117928949,-1.40142223914444,0.422395032305313,-3.31780000227719,0.000907294238660654,0.0305680082663296,"SLX9","SLX9 ribosome biogenesis factor","85395","DOWN",NA
"ENSG00000064961",1104.39758406289,-1.09703849928588,0.331297594820182,-3.31133855614411,0.000928507991654841,0.030695331271363,"HMG20B","high mobility group 20B","10362","DOWN",NA
"ENSG00000099795",832.678252896092,-1.39797023943703,0.422215076797866,-3.31103817997078,0.000929505255485723,0.030695331271363,"NDUFB7","NADH:ubiquinone oxidoreductase subunit B7","4713","DOWN",NA
"ENSG00000101639",738.766687154879,1.08587124821582,0.327493709070844,3.31570109024878,0.000914135470424015,0.030695331271363,"CEP192","centrosomal protein 192","55125","UP",NA
"ENSG00000108021",937.990323945102,1.14929357412307,0.347121357323355,3.31092728775102,0.000929873673917777,0.030695331271363,"TASOR2","transcription activation suppressor family member 2","54906","UP",NA
"ENSG00000188186",1402.30787044604,-1.3160526132611,0.397259340876987,-3.31282987671427,0.000923571396083621,0.030695331271363,"LAMTOR4","late endosomal/lysosomal adaptor, MAPK and MTOR activator 4","389541","DOWN",NA
"ENSG00000261893",245.609841527107,1.27426977874491,0.384621894703522,3.31304534737202,0.000922860155407413,0.030695331271363,"CLK2","CDC like kinase 2","1196","UP",NA
"ENSG00000246705",490.224996679958,-1.20883840282579,0.366035457121559,-3.30251722697,0.000958212019661097,0.0312375602740919,"H2AJ","H2A.J histone","55766","DOWN",NA
"ENSG00000280789",797.408850689962,-1.17127034375067,0.354997785414701,-3.29937366336644,0.000969008332230944,0.0312804950539924,"PAGR1","PAXIP1 associated glutamate rich protein 1","79447","DOWN",NA
"ENSG00000111678",1346.84777815615,-1.35625217010415,0.411802092706346,-3.29345623571487,0.000989637467244404,0.0318310022750509,"C12orf57","chromosome 12 open reading frame 57","113246","DOWN",NA
"ENSG00000002586",3145.05470374052,-1.0170929560656,0.309060291566171,-3.2909208456106,0.000998600076358375,0.0319383246956986,"CD99","CD99 molecule (Xg blood group)","4267","DOWN",NA
"ENSG00000141552",738.042813293014,-1.20800043254674,0.367367886064535,-3.28825811501262,0.00100809369157465,0.0321513926239848,"ANAPC11","anaphase promoting complex subunit 11","51529","DOWN",NA
"ENSG00000101439",13763.6273875299,-1.23419636742979,0.375681424221845,-3.2852206360381,0.00101902540135625,0.0324090039411732,"CST3","cystatin C","1471","DOWN",NA
"ENSG00000105373",18022.6484215875,-1.01988128771576,0.310584247979039,-3.28375084812603,0.00102435438015726,0.0324148367810077,"NOP53","NOP53 ribosome biogenesis factor","29997","DOWN",NA
"ENSG00000108479",446.211836879831,-1.14487667236058,0.348665548803084,-3.28359562994041,0.0010249186546047,0.0324148367810077,"GALK1","galactokinase 1","2584","DOWN",NA
"ENSG00000113240",554.094419470527,1.11518010822335,0.339840515802305,3.28148074278489,0.00103263575527229,0.0324779677710848,"CLK4","CDC like kinase 4","57396","UP",NA
"ENSG00000159335",416.698367859308,-1.54493621199606,0.470742092621305,-3.28191643834771,0.0010310415431388,0.0324779677710848,"PTMS","parathymosin","5763","DOWN",NA
"ENSG00000166441",20328.6537889158,-1.2013759098503,0.366642159311152,-3.27669876292308,0.00105028358956028,0.0328411233860975,"RPL27A","ribosomal protein L27a","6157","DOWN",NA
"ENSG00000206435",97.8685347371542,3.21365057343742,0.980612916913466,3.27718564380384,0.00104847408490524,0.0328411233860975,"HLA-C","major histocompatibility complex, class I, C","3107","UP",NA
"ENSG00000224877",223.901600231361,-1.4624585512989,0.446595523254016,-3.27468251504858,0.00105780782565317,0.0329050686368933,"NDUFAF8","NADH:ubiquinone oxidoreductase complex assembly factor 8","284184","DOWN",NA
"ENSG00000101160",10418.3805912263,-1.05539439665414,0.32262226618918,-3.27130054946449,0.00107054072118607,0.0331097287620858,"CTSZ","cathepsin Z","1522","DOWN",NA
"ENSG00000124225",177.657338293074,-1.53157403882794,0.468283061282383,-3.27061592754126,0.00107313547511428,0.0331097287620858,"PMEPA1","prostate transmembrane protein, androgen induced 1","56937","DOWN",NA
"ENSG00000198948",223.512046781044,-1.32644033724535,0.405440182895936,-3.27160551223856,0.00106938676530582,0.0331097287620858,"MFAP3L","microfibril associated protein 3 like","9848","DOWN",NA
"ENSG00000270629",3520.34492668916,1.16488489830525,0.356437163425324,3.26813536251617,0.00108258575372001,0.0332207531019919,"NBPF14","NBPF member 14","25832","UP",NA
"ENSG00000112419",585.730326477961,1.13217468983415,0.346767236544948,3.26494135119191,0.00109486743976963,0.0333274126304138,"PHACTR2","phosphatase and actin regulator 2","9749","UP",NA
"ENSG00000171634",2736.34113455026,1.01004192574286,0.309220969738969,3.26640824713631,0.00108921098453906,0.0333274126304138,"BPTF","bromodomain PHD finger transcription factor","2186","UP",NA
"ENSG00000174175",168.853923163796,-1.2626934658344,0.387123410427961,-3.26173367928978,0.00110733122931328,0.0336166812235909,"SELP","selectin P","6403","DOWN",NA
"ENSG00000140416",258.792550994299,-1.32775522100966,0.407407057445448,-3.25903834198416,0.00111790558429594,0.0338472000109229,"TPM1","tropomyosin 1","7168","DOWN",NA
"ENSG00000004059",2423.05153525729,-1.11326788040625,0.342045152203944,-3.25473953725989,0.00113496403211515,0.033997049221269,"ARF5","ARF GTPase 5","381","DOWN",NA
"ENSG00000115350",693.77043183849,-1.09465359300454,0.336350874338219,-3.2544990262276,0.00113592549558911,0.033997049221269,"POLE4","DNA polymerase epsilon 4, accessory subunit","56655","DOWN",NA
"ENSG00000164530",102.50547804462,-2.28612959478909,0.703114950761425,-3.25143078285189,0.00114825731119305,0.033997049221269,"PI16","peptidase inhibitor 16","221476","DOWN",NA
"ENSG00000173917",284.555499025285,-1.56940911992132,0.482299860457839,-3.25401114242809,0.00113787816609772,0.033997049221269,"HOXB2","homeobox B2","3212","DOWN",NA
"ENSG00000196976",333.015961313969,-1.2717066312203,0.391053891259309,-3.2519984064729,0.00114596664329556,0.033997049221269,"LAGE3","L antigen family member 3","8270","DOWN",NA
"ENSG00000111961",297.301457620334,1.21727439399892,0.374583995846117,3.24967005397365,0.00115538975559738,0.0340677898722762,"SASH1","SAM and SH3 domain containing 1","23328","UP",NA
"ENSG00000095564",990.001411672599,1.24163658602575,0.383123122331048,3.24082915818607,0.00119182587850236,0.0342582051253564,"BTAF1","B-TFIID TATA-box binding protein associated factor 1","9044","UP",NA
"ENSG00000116586",537.617562954211,-1.17572586737521,0.362770548068078,-3.24096284452112,0.00119126709798564,0.0342582051253564,"LAMTOR2","late endosomal/lysosomal adaptor, MAPK and MTOR activator 2","28956","DOWN",NA
"ENSG00000127914",1238.8861006598,1.30770422521823,0.403448720878865,3.24131458979361,0.00118979803340234,0.0342582051253564,"AKAP9","A-kinase anchoring protein 9","10142","UP",NA
"ENSG00000203896",1506.11646016199,-1.3263733615832,0.409050961536961,-3.24256262984814,0.0011845990872968,0.0342582051253564,"LIME1","Lck interacting transmembrane adaptor 1","54923","DOWN",NA
"ENSG00000211695",245.47299070887,1.29084386533562,0.39829607491909,3.24091535573841,0.00119146556329713,0.0342582051253564,"TRGV9","T cell receptor gamma variable 9","6983","UP",NA
"ENSG00000230678",247.775183408628,-2.42133089929424,0.746412883240214,-3.24395646653783,0.00117881761367783,0.0342582051253564,"BRD2","bromodomain containing 2","6046","DOWN",NA
"ENSG00000171130",814.146798228332,-1.19358281299656,0.368534312273839,-3.23872913116884,0.00120063538505224,0.0344242781865737,"ATP6V0E2","ATPase H+ transporting V0 subunit e2","155066","DOWN",NA
"ENSG00000148908",1493.81561622978,-1.05010255004955,0.324445976954556,-3.23660216072468,0.0012096192028536,0.0345259927436636,"RGS10","regulator of G protein signaling 10","6001","DOWN",NA
"ENSG00000107262",1546.53629224448,-1.13967758428617,0.35225432520325,-3.23538279800703,0.00121479746345968,0.0345684471180983,"BAG1","BAG cochaperone 1","573","DOWN",NA
"ENSG00000103266",1476.2572905122,-1.13907778116081,0.352279350423697,-3.23345032795935,0.00122304602766274,0.0347161614952068,"STUB1","STIP1 homology and U-box containing protein 1","10273","DOWN",NA
"ENSG00000257704",119.844643093139,-1.55169359045801,0.480808430778436,-3.22725953025781,0.00124982043435976,0.0351249039894077,"INAFM1","InaF motif containing 1","255783","DOWN",NA
"ENSG00000125753",7092.79387150952,-1.19965062262303,0.372954451997103,-3.21661429753452,0.00129712853970582,0.0360914458363675,"VASP","vasodilator stimulated phosphoprotein","7408","DOWN",NA
"ENSG00000187699",556.0122305612,-1.21803126525619,0.37908968086582,-3.21304252459279,0.00131336842265447,0.0363706952946802,"C2orf88","chromosome 2 open reading frame 88","84281","DOWN",NA
"ENSG00000099330",278.34000807019,-1.00654281325541,0.313875355609899,-3.20682333055288,0.00134209390292125,0.0368070873762508,"OCEL1","occludin/ELL domain containing 1","79629","DOWN",NA
"ENSG00000152082",841.297622879989,-1.22701382376271,0.382572402744563,-3.20727217896572,0.00134000149337514,0.0368070873762508,"MZT2B","mitotic spindle organizing protein 2B","80097","DOWN",NA
"ENSG00000135940",568.45811891232,-1.34836665054174,0.420810770599255,-3.20421135756958,0.00135433013887324,0.0369640971076125,"COX5B","cytochrome c oxidase subunit 5B","1329","DOWN",NA
"ENSG00000023902",4827.63740251495,-1.00974351189717,0.31533562351109,-3.2021231875239,0.00136418646432625,0.0371438204219669,"PLEKHO1","pleckstrin homology domain containing O1","51177","DOWN",NA
"ENSG00000112473",176.131059495369,-2.00518139090213,0.626764537084114,-3.19925789073965,0.0013778185882329,0.0373121768070258,"SLC39A7","solute carrier family 39 member 7","7922","DOWN",NA
"ENSG00000163872",850.334720365925,1.00122920229968,0.313047615324725,3.1983287950017,0.00138226581784204,0.0373121768070258,"YEATS2","YEATS domain containing 2","55689","UP",NA
"ENSG00000288198",440.188177617341,1.13422346701018,0.354658917751569,3.19806837002948,0.00138351474685202,0.0373121768070258,"PPFIA1","PTPRF interacting protein alpha 1","8500","UP",NA
"ENSG00000285372",618.241653764422,1.05606012890717,0.3304694962443,3.19563572707622,0.0013952314212674,0.0375389989504029,"TNKS","tankyrase","8658","UP",NA
"ENSG00000053501",375.504544603546,-1.04854000159254,0.328705515251128,-3.18990693171504,0.00142318617856409,0.0380208373445098,"USE1","unconventional SNARE in the ER 1","55850","DOWN",NA
"ENSG00000123159",569.94302450458,-1.31188812759152,0.411242784673746,-3.19005749519056,0.00142244491560455,0.0380208373445098,"GIPC1","GIPC PDZ domain containing family member 1","10755","DOWN",NA
"ENSG00000166557",758.60794642576,-1.07428133799049,0.336870321552086,-3.18900558838451,0.00142763117728169,0.0380500572461415,"TMED3","transmembrane p24 trafficking protein 3","23423","DOWN",NA
"ENSG00000149273",37664.3593777592,-1.07188359038275,0.336405994578519,-3.18627969672689,0.00144115198136834,0.0382309336365797,"RPS3","ribosomal protein S3","6188","DOWN",NA
"ENSG00000125910",2414.71771283322,-1.3216510226572,0.415394599111166,-3.18167599069699,0.00146425529787402,0.0384841542871796,"S1PR4","sphingosine-1-phosphate receptor 4","8698","DOWN",NA
"ENSG00000099203",375.166172907711,-1.02824025465702,0.323389696242183,-3.17957024174012,0.00147493617662053,0.0384975295387345,"TMED1","transmembrane p24 trafficking protein 1","11018","DOWN",NA
"ENSG00000197816",88.1506734638339,1.758637718692,0.553048425017339,3.17989824966388,0.00147326773251727,0.0384975295387345,"CCDC180","coiled-coil domain containing 180","100499483","UP",NA
"ENSG00000126005",793.453434877095,-1.05171994169639,0.331157776753412,-3.17588779586332,0.00149378716563642,0.0386017132442508,"MMP24OS","MMP24 opposite strand","101410538","DOWN",NA
"ENSG00000142684",115.613868230794,-1.78949355153776,0.563204743213505,-3.17734105243389,0.00148632136949384,0.0386017132442508,"ZNF593","zinc finger protein 593","51042","DOWN",NA
"ENSG00000166681",258.823514980831,-1.7115674411391,0.538996142794703,-3.17547252242771,0.00149592688281402,0.0386017132442508,"BEX3","brain expressed X-linked 3","27018","DOWN",NA
"ENSG00000291442",653.343113367254,-1.14581048484506,0.360702874844453,-3.17660480343876,0.00149009938445989,0.0386017132442508,"MOB2","MOB kinase activator 2","81532","DOWN",NA
"ENSG00000245680",313.567607732459,1.04158437565948,0.328113590514788,3.17446276463374,0.00150114149665265,0.0386484366281046,"ZNF585B","zinc finger protein 585B","92285","UP",NA
"ENSG00000110888",245.837487483177,1.5733106422897,0.496445357990541,3.16915168399999,0.00152884584455057,0.0389041501547067,"CAPRIN2","caprin family member 2","65981","UP",NA
"ENSG00000131116",594.32957535327,-1.3369244603331,0.42197348489972,-3.16826651004107,0.00153350873004436,0.0389041501547067,"ZNF428","zinc finger protein 428","126299","DOWN",NA
"ENSG00000148834",1442.88411852728,-1.08787749297556,0.343152413967229,-3.17024578203741,0.00152310044381748,0.0389041501547067,"GSTO1","glutathione S-transferase omega 1","9446","DOWN",NA
"ENSG00000169230",3718.61589943322,-1.28083710225559,0.404637080896582,-3.16539724786852,0.00154871351020512,0.0389891201660066,"PRELID1","PRELI domain containing 1","27166","DOWN",NA
"ENSG00000237296",308.820128205859,2.22249051934169,0.702465509694496,3.16384290569405,0.00155700813040396,0.0390283201336504,"SMG1P1","SMG1 pseudogene 1","641298","UP",NA
"ENSG00000170296",6483.68410701724,-1.04065207816412,0.329291472032087,-3.16027643152178,0.00157619517906531,0.0392015197362406,"GABARAP","GABA type A receptor-associated protein","11337","DOWN",NA
"ENSG00000141505",395.75788589793,-1.23793089327412,0.39264738234356,-3.15278020162872,0.00161723527835645,0.0397485314516589,"ASGR1","asialoglycoprotein receptor 1","432","DOWN",NA
"ENSG00000161016",29406.5240155631,-1.07508970355335,0.341000331547453,-3.15275266353734,0.00161738783958661,0.0397485314516589,"RPL8","ribosomal protein L8","6132","DOWN",NA
"ENSG00000223980",409.884300041383,-4.84338110373485,1.53577493731693,-3.15370500328419,0.00161211955504602,0.0397485314516589,"HLA-A","major histocompatibility complex, class I, A","3105","DOWN",NA
"ENSG00000007255",602.258200523294,-1.1522895871943,0.365677998049468,-3.15110450544094,0.00162654280496049,0.0398871857613853,"TRAPPC6A","trafficking protein particle complex subunit 6A","79090","DOWN",NA
"ENSG00000119632",318.503083744,-1.21305891917149,0.385364843016256,-3.14781937469142,0.00164493302739882,0.0401881807183833,"IFI27L2","interferon alpha inducible protein 27 like 2","83982","DOWN",NA
"ENSG00000178982",1816.63142575872,-1.03742667132261,0.329653641815692,-3.14702020462625,0.00164943563631906,0.0401881807183833,"EIF3K","eukaryotic translation initiation factor 3 subunit K","27335","DOWN",NA
"ENSG00000130520",1207.19187659965,-1.12042170202321,0.356273176918029,-3.14483877713027,0.00166178382006011,0.0402178136857784,"LSM4","LSM4 homolog, U6 small nuclear RNA and mRNA degradation associated","25804","DOWN",NA
"ENSG00000159210",847.695329122841,-1.20450265466008,0.382930930077711,-3.14548280133872,0.00165812943832816,0.0402178136857784,"SNF8","SNF8 subunit of ESCRT-II","11267","DOWN",NA
"ENSG00000231558",110.060960515165,4.45704643307062,1.41777874942426,3.14368263375408,0.00166836271322896,0.0402178136857784,"HLA-DOA","major histocompatibility complex, class II, DO alpha","3111","UP",NA
"ENSG00000149564",226.029487710589,-1.29045527197845,0.411418616532771,-3.13659912342752,0.00170919649304615,0.0411148664873855,"ESAM","endothelial cell adhesion molecule","90952","DOWN",NA
"ENSG00000198931",1929.07676923416,-1.100489674858,0.351178644684763,-3.13370329179856,0.00172615301943991,0.0413475556597485,"APRT","adenine phosphoribosyltransferase","353","DOWN",NA
"ENSG00000105339",1606.08210594364,1.24714600473374,0.398515175407849,3.12948184082923,0.00175114895828589,0.0417700530932311,"DENND3","DENN domain containing 3","22898","UP",NA
"ENSG00000168101",655.901086923873,-1.02521905580809,0.327698325346197,-3.1285453006969,0.00175673928862522,0.0418155511175068,"NUDT16L1","nudix hydrolase 16 like 1","84309","DOWN",NA
"ENSG00000131495",727.927808266966,-1.11332449152265,0.355932747094204,-3.12790688862352,0.00176055945320268,0.0418188117817222,"NDUFA2","NADH:ubiquinone oxidoreductase subunit A2","4695","DOWN",NA
"ENSG00000105327",442.727479972864,-1.45296146024428,0.464649345606626,-3.12700636293236,0.00176596105298178,0.0418595444583613,"BBC3","BCL2 binding component 3","27113","DOWN",NA
"ENSG00000169583",743.643214775585,-1.44023920366378,0.461267494870851,-3.12235138976577,0.00179412658453003,0.0421301413641224,"CLIC3","chloride intracellular channel 3","9022","DOWN",NA
"ENSG00000168894",553.977270665028,-1.18682512825297,0.380404227517852,-3.11990520188759,0.00180909251073791,0.0423514151895222,"RNF181","ring finger protein 181","51255","DOWN",NA
"ENSG00000100097",3686.65822113744,-1.06077248951457,0.340197420274129,-3.11810856372694,0.00182015743759087,0.0423618261363347,"LGALS1","galectin 1","3956","DOWN",NA
"ENSG00000177700",764.548932693198,-1.60955490086498,0.516194984157504,-3.11811418216699,0.00182012273866562,0.0423618261363347,"POLR2L","RNA polymerase II, I and III subunit L","5441","DOWN",NA
"ENSG00000074657",256.75538951406,1.16087970378201,0.372771080568888,3.11418928209342,0.00184451118722195,0.0426312456662317,"ZNF532","zinc finger protein 532","55205","UP",NA
"ENSG00000144677",302.519244539943,-1.45104913105282,0.466015032912361,-3.11373888946133,0.00184732894731249,0.0426312456662317,"CTDSPL","CTD small phosphatase like","10217","DOWN",NA
"ENSG00000184281",656.394394220566,-1.16388853523531,0.373783618288559,-3.11380295520813,0.00184692789611276,0.0426312456662317,"TSSC4","tumor suppressing subtransferable candidate 4","10078","DOWN",NA
"ENSG00000061987",1058.15480728236,1.30773735044224,0.420469917962842,3.11018052558474,0.00186973033150752,0.0428867034018918,"MON2","MON2 homolog, regulator of endosome-to-Golgi trafficking","23041","UP",NA
"ENSG00000158792",214.577998079864,-1.31703225253764,0.423590447993246,-3.10921140638809,0.00187587443045532,0.0429408836358663,"SPATA2L","spermatogenesis associated 2 like","124044","DOWN",NA
"ENSG00000106804",128.642252837337,1.60476614207958,0.516995945364417,3.10402075000495,0.00190909941267462,0.0433789122701981,"C5","complement C5","727","UP",NA
"ENSG00000189114",442.487101263639,-1.12435825518094,0.362247962060197,-3.10383597132314,0.00191029206756201,0.0433789122701981,"BLOC1S3","biogenesis of lysosomal organelles complex 1 subunit 3","388552","DOWN",NA
"ENSG00000274512",153.557289063456,1.60938417367185,0.518404912878003,3.1044925186706,0.00190605748063827,0.0433789122701981,"TBC1D3","TBC1 domain family member 3","729873","UP",NA
"ENSG00000103490",2062.8038224473,-1.16955345121775,0.376947122330356,-3.10269897800877,0.00191764586778121,0.0434589843967821,"PYCARD","PYD and CARD domain containing","29108","DOWN",NA
"ENSG00000070882",594.848485617444,1.22359522390969,0.395114927338913,3.09680839483985,0.00195616268346123,0.0440214676262612,"OSBPL3","oxysterol binding protein like 3","26031","UP",NA
"ENSG00000198064",475.682566192673,2.11444575868541,0.682842749829073,3.0965339519453,0.00195797438358833,0.0440214676262612,"NPIPB13","nuclear pore complex interacting protein family, member B13","613037","UP",NA
"ENSG00000118508",1116.19294873201,-1.13121465787242,0.366088414229295,-3.09000398238195,0.00200153811605728,0.044554475797702,"RAB32","RAB32, member RAS oncogene family","10981","DOWN",NA
"ENSG00000164181",156.932048488106,-1.25676622768129,0.406659157623723,-3.09046582161113,0.00199842803219775,0.044554475797702,"ELOVL7","ELOVL fatty acid elongase 7","79993","DOWN",NA
"ENSG00000187024",149.664531339798,-1.40219516603596,0.453826308212143,-3.089717675381,0.00200346837347416,0.044554475797702,"PTRH1","peptidyl-tRNA hydrolase 1 homolog","138428","DOWN",NA
"ENSG00000122705",1827.65796812049,-1.0160247862649,0.32907967517768,-3.08747352967429,0.00201865749127847,0.0445884655494996,"CLTA","clathrin light chain A","1211","DOWN",NA
"ENSG00000174483",201.895811792173,1.23647198705181,0.400486367442807,3.08742590901895,0.00201898094551659,0.0445884655494996,"BBS1","Bardet-Biedl syndrome 1","582","UP",NA
"ENSG00000197057",381.935957558816,1.47708763835644,0.478370404520277,3.08774879131101,0.00201678876066003,0.0445884655494996,"DTHD1","death domain containing 1","401124","UP",NA
"ENSG00000082781",428.106408726881,-1.60531933295068,0.520305931424275,-3.08533736787568,0.00203321383534513,0.0446520500706163,"ITGB5","integrin subunit beta 5","3693","DOWN",NA
"ENSG00000090857",1682.54049288722,1.16849213336618,0.378796256681205,3.0847510046795,0.00203722627456253,0.0446537975316273,"PDPR","pyruvate dehydrogenase phosphatase regulatory subunit","55066","UP",NA
"ENSG00000160050",157.511448836844,-1.55011629814041,0.503644139924953,-3.07780072328725,0.0020853431374316,0.0451850877526688,"CCDC28B","coiled-coil domain containing 28B","79140","DOWN",NA
"ENSG00000187051",715.938502982586,-1.14785173111348,0.373530751057423,-3.07297786825863,0.00211934205016029,0.0457471666112547,"RPS19BP1","ribosomal protein S19 binding protein 1","91582","DOWN",NA
"ENSG00000205746",229.87252978233,1.5700937385566,0.511468755651036,3.06977449005279,0.00214220454201635,0.0460655120644956,"PKD1P4","polycystin 1, transient receptor potential channel interacting pseudogene 4","353512","UP",NA
"ENSG00000196154",11182.2575337009,-1.18637361247097,0.386726215581566,-3.06773516940629,0.00215687673426308,0.0462059970581566,"S100A4","S100 calcium binding protein A4","6275","DOWN",NA
"ENSG00000204406",356.719747872926,1.1222226047455,0.366150404340255,3.0649224784213,0.00217726423774766,0.0464351384242192,"MBD5","methyl-CpG binding domain protein 5","55777","UP",NA
"ENSG00000262814",512.262702857851,-1.22529749002782,0.399827080447809,-3.06456853461621,0.00217984223886814,0.0464351384242192,"MRPL12","mitochondrial ribosomal protein L12","6182","DOWN",NA
"ENSG00000101596",4890.13939585688,1.04640942857221,0.341779821443867,3.06164777122183,0.00220122309923092,0.0467153029320894,"SMCHD1","structural maintenance of chromosomes flexible hinge domain containing 1","23347","UP",NA
"ENSG00000074755",3253.63056570349,1.01024329822297,0.330300459911221,3.05855855754637,0.00222404608437435,0.0467678728098862,"ZZEF1","zinc finger ZZ-type and EF-hand domain containing 1","23140","UP",NA
"ENSG00000157106",4457.24569882491,1.23515957881075,0.403763436842903,3.05911696331069,0.00221990461598684,0.0467678728098862,"SMG1","SMG1 nonsense mediated mRNA decay associated PI3K related kinase","23049","UP",NA
"ENSG00000066294",1372.29011817192,1.08106582232606,0.354144094481178,3.05261569844846,0.00226856259710553,0.0469068609180622,"CD84","CD84 molecule","8832","UP",NA
"ENSG00000085733",261.300568606662,-1.7254959901308,0.565075503698934,-3.05356714073757,0.00226138112503788,0.0469068609180622,"CTTN","cortactin","2017","DOWN",NA
"ENSG00000115286",990.976215303981,-1.05720678111507,0.346202560979268,-3.053723167514,0.00226020542713823,0.0469068609180622,"NDUFS7","NADH:ubiquinone oxidoreductase core subunit S7","374291","DOWN",NA
"ENSG00000133321",1734.53640387981,-1.01071378062415,0.33117010020795,-3.05194756407507,0.00227361814652481,0.0469068609180622,"PLAAT4","phospholipase A and acyltransferase 4","5920","DOWN",NA
"ENSG00000198466",288.560380933835,1.50342336295812,0.492811456572276,3.05070700550491,0.00228303242099224,0.0469593299056991,"ZNF587","zinc finger protein 587","84914","UP",NA
"ENSG00000176619",861.70074057942,-1.07082206248604,0.351103748785451,-3.04987362336707,0.00228937677745919,0.0469689874828203,"LMNB2","lamin B2","84823","DOWN",NA
"ENSG00000186001",889.60078366376,1.17638878275447,0.385757006480106,3.04955908251309,0.00229177550338933,0.0469689874828203,"LRCH3","leucine rich repeats and calponin homology domain containing 3","84859","UP",NA
"ENSG00000111775",1467.49915775006,-1.00625269063392,0.330036108849198,-3.04891696288208,0.0022966795326134,0.0469846836275541,"COX6A1","cytochrome c oxidase subunit 6A1","1337","DOWN",NA
"ENSG00000137880",193.390234470597,-1.00459271383936,0.329574498796633,-3.04815062302272,0.00230254484333042,0.0470145009158183,"GCHFR","GTP cyclohydrolase I feedback regulator","2644","DOWN",NA
"ENSG00000059588",528.436431144515,1.31874248437334,0.433106504091801,3.04484571788795,0.00232799698555052,0.0471160031621045,"TARBP1","TAR (HIV-1) RNA binding protein 1","6894","UP",NA
"ENSG00000138688",2173.07844527766,1.33184884172651,0.437354348731083,3.04523973659039,0.00232494905006385,0.0471160031621045,"BLTP1","bridge-like lipid transfer protein family member 1","84162","UP",NA
"ENSG00000292058",645.64844237595,-1.2322908181611,0.404588781072535,-3.04578593329847,0.0023207299843092,0.0471160031621045,"NDUFA11","NADH:ubiquinone oxidoreductase subunit A11","126328","DOWN",NA
"ENSG00000092529",143.539455096009,1.46402847292983,0.481869000323261,3.03822921156515,0.00237972871868401,0.047403129157438,"CAPN3","calpain 3","825","UP",NA
"ENSG00000117523",4356.49142048057,1.12471864940797,0.370189340639489,3.0382253780324,0.00237975899416414,0.047403129157438,"PRRC2C","proline rich coiled-coil 2C","23215","UP",NA
"ENSG00000197162",111.385521631908,1.34039521203736,0.441087849362722,3.03883957350887,0.0023749128555943,0.047403129157438,"ZNF785","zinc finger protein 785","146540","UP",NA
"ENSG00000233757",92.8215155677141,1.15022945885899,0.37842814445404,3.03949237316487,0.0023697720275554,0.047403129157438,"ZNF892","zinc finger protein 892","344065","UP",NA
"ENSG00000100417",301.473944700778,-1.02738846769923,0.339223833116553,-3.02864471007329,0.00245653395256908,0.048255166950639,"PMM1","phosphomannomutase 1","5372","DOWN",NA
"ENSG00000186260",243.533823390161,1.32791521699853,0.438653167321506,3.02725550828008,0.00246785261588365,0.048310342415074,"MRTFB","myocardin related transcription factor B","57496","UP",NA
"ENSG00000165702",290.863849231083,-1.61065145432033,0.532331482117501,-3.02565508226848,0.00248095139228084,0.0483998661648741,"GFI1B","growth factor independent 1B transcriptional repressor","8328","DOWN",NA
"ENSG00000161618",1223.82546793779,-1.04241550325573,0.344641213030066,-3.02463972341228,0.00248929460178486,0.0484171433498551,"ALDH16A1","aldehyde dehydrogenase 16 family member A1","126133","DOWN",NA
"ENSG00000182154",499.80504042091,-1.2358810354253,0.408621957912279,-3.02450960232199,0.00249036566111638,0.0484171433498551,"MRPL41","mitochondrial ribosomal protein L41","64975","DOWN",NA
"ENSG00000141956",264.758968728911,1.33656282033572,0.442688500898328,3.01919480091191,0.00253447509940593,0.048846254328116,"PRDM15","PR/SET domain 15","63977","UP",NA
"ENSG00000168701",277.48479844594,-1.04887243065959,0.347296820070131,-3.02010375576658,0.00252688106135193,0.048846254328116,"TMEM208","transmembrane protein 208","29100","DOWN",NA
"ENSG00000286219",404.595467003903,1.51261084448473,0.5012553870974,3.01764506361467,0.00254747082788797,0.0488515550558813,"NOTCH2NLC","notch 2 N-terminal like C","100996717","UP",NA
"ENSG00000213722",382.455629697041,-1.28011791687149,0.424560475542463,-3.015160361397,0.00256843418822607,0.0489295331763739,"DDAH2","DDAH family member 2, ADMA-independent","23564","DOWN",NA
"ENSG00000143793",362.184546249511,-1.26856230891047,0.421318949952118,-3.0109310512965,0.00260447985354961,0.0493677199619403,"C1orf35","chromosome 1 open reading frame 35","79169","DOWN",NA
"ENSG00000171425",533.930257851507,-1.05766631799207,0.351380089149881,-3.01003486153969,0.00261217705853804,0.0494310972044015,"ZNF581","zinc finger protein 581","51545","DOWN",NA
"ENSG00000110717",678.380077060184,-1.1820109692315,0.393033820438865,-3.00740269097366,0.00263490467410019,0.0494678379304374,"NDUFS8","NADH:ubiquinone oxidoreductase core subunit S8","4728","DOWN",NA
"ENSG00000153162",210.257790691551,-1.42249489554755,0.473759919764751,-3.00256487769988,0.00267714903185472,0.0495884621517361,"BMP6","bone morphogenetic protein 6","654","DOWN",NA
"ENSG00000172663",402.606021358832,-1.31158630420651,0.436563666138308,-3.00434141899245,0.00266156467019221,0.0495884621517361,"TMEM134","transmembrane protein 134","80194","DOWN",NA
"ENSG00000178338",130.309128574762,1.13421630110145,0.377508405507706,3.0044795945035,0.00266035603461228,0.0495884621517361,"ZNF354B","zinc finger protein 354B","117608","UP",NA
"ENSG00000205544",110.352079185365,-1.79471728355249,0.597814884223688,-3.00212880427538,0.00268098712654107,0.0495884621517361,"TMEM256","transmembrane protein 256","254863","DOWN",NA
"ENSG00000179010",3424.89110324966,-1.03067080453575,0.343724835167279,-2.99853458082003,0.00271281368337657,0.0497463739256567,"MRFAP1","Morf4 family associated protein 1","93621","DOWN",NA
"ENSG00000188486",424.217053698441,-1.12106220173641,0.373921148970341,-2.99812461751217,0.00271646572431805,0.0497463739256567,"H2AX","H2A.X variant histone","3014","DOWN",NA
